{"val_loss": [2.732163812106343, 0.7963992560539144, 0.28922833050673696, 0.21431904097405668, 0.21087953496966305, 0.302767489409655, 0.1955064984835738, 0.1840333610693855, 0.24867968970362878, 0.16471351728697853, 0.21434116392954194, 0.16204930433881087, 0.17963835834166508, 0.20853526625984575, 0.1891835720829759], "val_acc": [0.7132548424756622, 0.7151538170294032, 0.8841625522218002, 0.9217622484311467, 0.917584504390279, 0.8644132169308066, 0.9297379415342213, 0.9301177364449695, 0.895936194522907, 0.9441701481200152, 0.9145461451042934, 0.9377136346599334, 0.9323965059094587, 0.9248006076944948, 0.9327763008202069], "loss": [0.5057617149514206, 0.28286980318334953, 0.23770077509591211, 0.21258498733368747, 0.19911544138414977, 0.19316639080275794, 0.1757961083536043, 0.16789808472638976, 0.16063179394341312, 0.14828311895015708, 0.14058421474364696, 0.13443167623665864, 0.12359804980827518, 0.11350566810906002, 0.12346291127786227], "acc": [0.8102924421265512, 0.8857766806603927, 0.9048613748802145, 0.9163501708171596, 0.9214774021122604, 0.9263197872242999, 0.9317318648609244, 0.9313520699501762, 0.9359096088338795, 0.9393277629627006, 0.9444549942578012, 0.9468287125178901, 0.9523357386558263, 0.9555639955103737, 0.9520508924274901]}